8CD9C5C9-E643-4F2C-8709-0E26BEA8C305,5028F1E9-E954-4F62-9244-BAB2C3E3A475,Manajemen Pengetahuan,3.0,CSIE604180_57201_3
D0748E46-B902-4224-B2A0-1978E85C1415,5028F1E9-E954-4F62-9244-BAB2C3E3A475,MAYOR PDK SEM 3,2.0,PMP61406
B71369A1-84FE-447D-946D-29D455CEB123,D5D36093-9656-43FE-BFCC-C1ED1873EECB,MPK Agama Islam,2.0,UIGE600010
D11B2CA8-E187-4464-8BC1-29EAFEB69601,5028F1E9-E954-4F62-9244-BAB2C3E3A475,STRUKTUR DATA DAN AL,3.0,IKI20100
A0B7582B-5F0D-43EF-A0DB-2FFDA3E6E0C0,5028F1E9-E954-4F62-9244-BAB2C3E3A475,GENETIKA TERAPAN,2.0,BIO30613
915D4746-0CBA-424D-B1F6-3002294BDAC7,D5D36093-9656-43FE-BFCC-C1ED1873EECB,BAHASA JERMAN SUMBER I,2.0,SJN11321
26804641-2BFE-4AEA-8B5B-300BBD51B4B0,D5D36093-9656-43FE-BFCC-C1ED1873EECB,BHS JERMAN SBG BAHASA ASING,3.0,BJN30620
7661FEE6-E2F7-440F-8528-386168BFAD21,5028F1E9-E954-4F62-9244-BAB2C3E3A475,Sistem Informasi Akuntansi Keuangan,3.0,CSIM602266_57201_3
36E98BDA-F9E3-4EE0-9B47-3863F29C262F,D5D36093-9656-43FE-BFCC-C1ED1873EECB,Penjaminan Mutu Perangkat Lunak,4.0,CSCE604126
E01BB573-26FF-42B2-A142-41806CE57771,D5D36093-9656-43FE-BFCC-C1ED1873EECB,PENGANTAR EKONOMI 1,2.0,ECON10100
7564C306-44AC-42C2-81C6-636F88AA0622,D5D36093-9656-43FE-BFCC-C1ED1873EECB,PENGANTAR KRIMINOLOGI,3.0,SKR30000
AFA392DB-4312-480F-BBBE-6383A0407EB6,5028F1E9-E954-4F62-9244-BAB2C3E3A475,Sistem Informasi Akuntansi dan Keuangan,0.0,CSI3602606
D6FE0F4F-C1A0-482D-BE14-75FCE9582A1A,5028F1E9-E954-4F62-9244-BAB2C3E3A475,MATERIAL TEKNIK LISTRIK,2.0,EES12003
F08AC211-FAAE-4A58-8951-85EF7057F149,D5D36093-9656-43FE-BFCC-C1ED1873EECB,Matematika Diskret 2,3.0,IKI10610I
0E031316-33A7-41B3-82BE-9EA2D9015ADC,5028F1E9-E954-4F62-9244-BAB2C3E3A475,BISNIS DAN KEWIRAUSAHAAN RS,2.0,KMA43003
187E8697-4EC5-44B5-85A8-9EA71811798D,5028F1E9-E954-4F62-9244-BAB2C3E3A475,METODOLOGI PENELITIAN,3.0,IKI40010
4292B08F-AD1D-4091-874A-A6B68B9FBDCD,D5D36093-9656-43FE-BFCC-C1ED1873EECB,ANALISIS NUMERIK,3.0,IKO32104
CE857E75-2B17-4198-BD35-B016EE0149E5,D5D36093-9656-43FE-BFCC-C1ED1873EECB,Dasar-dasar Pemrograman 1,4.0,CSGE601020_55201_4
37BDA067-4B6B-4770-8A0F-B8A08693C7F5,D5D36093-9656-43FE-BFCC-C1ED1873EECB,TOPIK DALAM SISTEM BASIS DATA,4.0,IKI80450I
D2C8E223-629A-482B-A8D8-C1528C129633,D5D36093-9656-43FE-BFCC-C1ED1873EECB,TOPIK KHUSUS PEMROSESAN BAHASA NATURAL,3.0,IKI40931
282BDB36-D743-431E-B7D1-DA8519C4C4E7,5028F1E9-E954-4F62-9244-BAB2C3E3A475,DASARDASAR PEMROGRAMAN,4.0,IKI10820
5CF2D445-32DB-424A-A5D1-E2985F467213,5028F1E9-E954-4F62-9244-BAB2C3E3A475,Data Management,3.0,CSIE604272
19D1E015-09BA-43F0-B2F9-ED3A2402DCC9,D5D36093-9656-43FE-BFCC-C1ED1873EECB,PENGANTAR SEJARAH AUSTRALIA,3.0,SSH10609
10A033E0-46E0-47F0-B39A-F5CB1345241B,D5D36093-9656-43FE-BFCC-C1ED1873EECB,PEMROGRAMAN MATEMATIKA (OR),3.0,MAT40313
DBB0FDF4-ACE2-4EA1-9FE0-05B25816C3C5,5028F1E9-E954-4F62-9244-BAB2C3E3A475,Technopreneurship,0.0,CSI4602950
00DF15DF-6356-45C9-B1D8-10607B62E114,D5D36093-9656-43FE-BFCC-C1ED1873EECB,PSIKOLOGI PERKEMBANGAN MANUSIA,3.0,PSI21101
B5FF20F7-F4B9-482C-B0C4-297C8D3B2C3C,D5D36093-9656-43FE-BFCC-C1ED1873EECB,PEMROGRAMAN LANJUT,4.0,IKI20810
041841B8-2BC0-457B-98EA-33356346E040,D5D36093-9656-43FE-BFCC-C1ED1873EECB,CALCULUS,4.0,IKI10010I
CBE296C8-9D26-4F8B-9BC8-3BD061FF8FC3,D5D36093-9656-43FE-BFCC-C1ED1873EECB,Logika Komputasional,3.0,CSCE604244
8318AC0B-1584-4C35-A202-4D1F68C19DDC,D5D36093-9656-43FE-BFCC-C1ED1873EECB,PSIKOLOGI & MEDIA (P),2.0,PSI22619
E64D0C7E-DE97-4325-9F23-588302071FAF,5028F1E9-E954-4F62-9244-BAB2C3E3A475,ADMINISTRASI SISTEM,3.0,IKI30400
A7208D4E-EB94-4390-A95F-6AC8E8CD35A1,5028F1E9-E954-4F62-9244-BAB2C3E3A475,MANAJEMEN KEAMANAN INFORMASI,3.0,IKI32440
3306CFAD-DC18-4057-B45E-6AD78E8B818D,D5D36093-9656-43FE-BFCC-C1ED1873EECB,Komputer dan Masyarakat,0.0,IKI30000I
A8DF5810-1DE3-45EA-89AF-758EF1226965,D5D36093-9656-43FE-BFCC-C1ED1873EECB,Matematika Diskret 2,0.0,IKI10610I
0C4BE02C-5169-4FCE-A0B6-7599FC053688,D5D36093-9656-43FE-BFCC-C1ED1873EECB,Topik Khusus Teknologi Perangkat Lunak,3.0,CSC4602256
B4619B5A-FCF5-4A5A-97BF-7F8A0D3170F9,D5D36093-9656-43FE-BFCC-C1ED1873EECB,PRINSIP-PRINSIP SISTEM INFORMASI,3.0,IKI10400
01B62E15-452E-42CE-BB15-7F8F5B2D49AA,D5D36093-9656-43FE-BFCC-C1ED1873EECB,PENGOLAHAN CITRA,3.0,IKO31355
1A9C5594-FADA-4EFC-AAEC-88AA8DA4A3F0,D5D36093-9656-43FE-BFCC-C1ED1873EECB,MPK Olahraga - Tenis,1.0,UIGE600047
DBC53594-68B7-43FA-A704-88C8D58A0A6C,5028F1E9-E954-4F62-9244-BAB2C3E3A475,Manajemen Rantai Suplai,0.0,CSI3601605
C578E2BF-123B-4D4C-8F6F-A3F8FA76A022,D5D36093-9656-43FE-BFCC-C1ED1873EECB,MPK Seni - Musik dan Vokal,1.0,UIGE600028
602172E2-E23E-4D7F-A990-ADE150B146A7,5028F1E9-E954-4F62-9244-BAB2C3E3A475,Prinsip-Prinsip Sistem Informasi,3.0,CSIM601280_57201_3
B1D10B18-26E7-492A-B93C-ADE826870B09,D5D36093-9656-43FE-BFCC-C1ED1873EECB,MPK Seni Lukis,0.0,UIGE600027
38737531-0F82-44D0-A119-ADF0DA3FE4F5,5028F1E9-E954-4F62-9244-BAB2C3E3A475,RISET OPERASI,3.0,IKI20429X
9E4B2AA3-0D8E-4C96-9741-C90F6C8B0AB8,D5D36093-9656-43FE-BFCC-C1ED1873EECB,STATISTICS,3.0,IKI200201
712922FC-9737-42E9-90E5-DC2ECA265CE8,5028F1E9-E954-4F62-9244-BAB2C3E3A475,STRUKTUR DATA DAN ALGORITMA,4.0,IKI20100
17E13A4A-F8FC-4CA5-AA1E-F5A49D09D12B,D5D36093-9656-43FE-BFCC-C1ED1873EECB,ELECTRONIC COMMERCE,3.0,IKI42430
344BC4DD-86C1-43D9-8744-FE06B0692714,D5D36093-9656-43FE-BFCC-C1ED1873EECB,GELOMBANG,3.0,FSK20223
5DCB416C-A252-4474-9063-FE07D7A42A0C,5028F1E9-E954-4F62-9244-BAB2C3E3A475,Struktur Data & Algoritma,4.0,CSF1600400
F37A01EB-948A-4D75-BA5D-FE1459ACB2CC,5028F1E9-E954-4F62-9244-BAB2C3E3A475,METODOLOGI PENELITIAN & PENULISAN ILMIAH,3.0,IKS32901
77372314-9E26-441B-BDA7-057C93C61ABA,D5D36093-9656-43FE-BFCC-C1ED1873EECB,METODOLOGI PENELITIAN,3.0,IKI32010
0A685BF0-93A6-4E1D-BF71-0592553D75C9,D5D36093-9656-43FE-BFCC-C1ED1873EECB,Pemrograman Deklaratif,3.0,CSC2602203
EFBC8A20-71D5-41AC-A684-11E2F9B7F2D1,D5D36093-9656-43FE-BFCC-C1ED1873EECB,ANTROPOLOGI EKONOMI,3.0,ANT40051
9B24C124-6FFE-4435-B530-1992E47F7AA6,5028F1E9-E954-4F62-9244-BAB2C3E3A475,TUGAS AKHIR,6.0,IKI40999
073A3B73-F477-4C22-BEBD-1995F28A1D4E,D5D36093-9656-43FE-BFCC-C1ED1873EECB,MPK Seni - Komik,1.0,UIGE600026
916D8625-2F6F-4E89-A190-3183E1721A6B,D5D36093-9656-43FE-BFCC-C1ED1873EECB,TEORI GRAPH,3.0,MAT30162
843FE271-71D3-4C27-9E5C-31A27822AF1D,D5D36093-9656-43FE-BFCC-C1ED1873EECB,BAHASA BELANDA SUMBER,3.0,SBA21320
366ED340-AADE-4274-9805-3BB4851AC359,D5D36093-9656-43FE-BFCC-C1ED1873EECB,Teori Bahasa &amp;amp; Automata,3.0,IKI30600I
EF7AFF89-ADDC-4B1A-88FA-790E67BDC6EA,D5D36093-9656-43FE-BFCC-C1ED1873EECB,Pengantar Ekonomi 1,0.0,ECON10100
0E39448E-043E-4548-98F8-79225072E75D,5028F1E9-E954-4F62-9244-BAB2C3E3A475,PERANCANGAN DAN PEMR,3.0,IKI20840
32EDB1FB-BFFF-4ADA-9E6B-94D936446B3F,D5D36093-9656-43FE-BFCC-C1ED1873EECB,RANCANGAN SISTEM DIJITAL,3.0,IKO42553
42B97F7C-D914-46BE-BE64-94EB73515A79,D5D36093-9656-43FE-BFCC-C1ED1873EECB,Data Science &amp;amp; Analytics,3.0,CSCM603234_55201_3
8F75B4DB-CFA4-4EC4-B6EF-9DDD77DB3CFC,5028F1E9-E954-4F62-9244-BAB2C3E3A475,DESAIN & PEMROGRAMAN BERORIENTASI OBJEK,4.0,IKI10830
3BB3E842-A63B-49DA-AB55-9DE4336AC000,D5D36093-9656-43FE-BFCC-C1ED1873EECB,Perolehan Informasi,0.0,CSC4601357
26C8B887-1B58-42F2-9D27-A6F6F99E6CD8,5028F1E9-E954-4F62-9244-BAB2C3E3A475,MPK Agama Hindu,2.0,UIGE600013
A304CFB8-CD0B-4746-A732-A6FF67AC9A83,5028F1E9-E954-4F62-9244-BAB2C3E3A475,Administrasi Bisnis,0.0,CSI1602600
228E2088-6EE0-41DA-95ED-A70D180DDAEE,D5D36093-9656-43FE-BFCC-C1ED1873EECB,MPK Terintegrasi B,6.0,UIGE600002
6E4E9D57-259B-4734-BFBF-B7F217F831CC,5028F1E9-E954-4F62-9244-BAB2C3E3A475,MPK AGAMA HINDU,2.0,UUI12024
DE687C98-019B-4A94-8E40-CA6AFD5D800A,D5D36093-9656-43FE-BFCC-C1ED1873EECB,MATEMATIKA DASAR 1,2.0,MAT10113
DAB3AB03-790F-4B68-919E-DF9447EAA25A,5028F1E9-E954-4F62-9244-BAB2C3E3A475,Administrasi Sistem,3.0,CSIE604274
9C7F10B4-D81F-4FF5-9585-E8D8B21BEA75,5028F1E9-E954-4F62-9244-BAB2C3E3A475,ENTERPRISE RESOURCE PLANNING,3.0,IKS22602
7EC90E65-AD1F-46F1-9642-FC1AE7A606EC,D5D36093-9656-43FE-BFCC-C1ED1873EECB,JARINGAN KOMPUTER,3.0,IKI20240
99D3573B-6F11-4F0D-B0A3-0347D1CD808A,D5D36093-9656-43FE-BFCC-C1ED1873EECB,Teori Bahasa & Automata,4.0,CSC2602401
9F563293-CB55-459C-A12F-1646FA1B2242,D5D36093-9656-43FE-BFCC-C1ED1873EECB,PRINSIP-PRINSIP SISTEM INFORMASI,3.0,IKI10400X
818F65E3-362E-4E8E-B65B-266ACD8F3EDC,D5D36093-9656-43FE-BFCC-C1ED1873EECB,Jaringan Komputer,0.0,IKI20240I
4E150FED-4C33-46E3-B677-26766FFFF491,D5D36093-9656-43FE-BFCC-C1ED1873EECB,Sistem Interaksi,0.0,CSC4601250
48FB16DD-A709-48D6-BE49-2C166C62F0B7,D5D36093-9656-43FE-BFCC-C1ED1873EECB,METODOLOGI PENELITIA,3.0,IKI40020
5E8475C5-8268-405B-86BF-3C270FBC62B9,D5D36093-9656-43FE-BFCC-C1ED1873EECB,Komputasi Ilmiah,0.0,IKI30640I
77A3BFF5-3363-4C43-94EF-446685472857,D5D36093-9656-43FE-BFCC-C1ED1873EECB,MPK Terintegrasi A,6.0,UIGE600001
475DF415-A409-45B4-A546-4467BC1AED73,5028F1E9-E954-4F62-9244-BAB2C3E3A475,KEAMANAN JARINGAN,2.0,EEC42001A
6E032D53-A507-45A8-A22C-540F85D7CD8E,D5D36093-9656-43FE-BFCC-C1ED1873EECB,STRUKTUR DATA & ALGORITMA,3.0,IKI10100
18674289-3E01-467B-AA88-5CA2CED0FB82,5028F1E9-E954-4F62-9244-BAB2C3E3A475,E - government,3.0,CSIE604281
F8DF7D02-16C3-4C4D-9D27-5CA55C9D131F,D5D36093-9656-43FE-BFCC-C1ED1873EECB,Sistem Terdistribusi,0.0,CSC4601554
982CF4A6-2B47-45C1-B975-89F8AD1D4D9C,D5D36093-9656-43FE-BFCC-C1ED1873EECB,BAHASA JEPANG SUMBER,3.0,BJG20610
7B28E2C5-2BCB-438D-820D-8A088CABDEA0,D5D36093-9656-43FE-BFCC-C1ED1873EECB,DESAIN&PEMROGRAMAN BERORIENTASI OBJEK,4.0,IKI10830
417DDA9B-598B-4707-BB3A-92AE5087F7E1,D5D36093-9656-43FE-BFCC-C1ED1873EECB,Statistika dan Probabilitas,3.0,CSGE602013
AA1B9336-536F-46F9-8076-A373299CD638,D5D36093-9656-43FE-BFCC-C1ED1873EECB,Dasar-Dasar Pemrograman 2,4.0,CSGE601021
3E28DEAE-8141-4F4C-A9EC-A3852742A605,D5D36093-9656-43FE-BFCC-C1ED1873EECB,SEJARAH FILSAFAT ISLAM,3.0,SFT30203
2FCDB329-D9C3-4DC8-93A4-B5CACC16788E,D5D36093-9656-43FE-BFCC-C1ED1873EECB,Kalkulus 2,3.0,CSCM601213
65BEA38A-8B0F-4BDB-B81A-BE9B982D6008,D5D36093-9656-43FE-BFCC-C1ED1873EECB,MANAJEMEN PENGETAHUAN,3.0,IKS41850
3C0914B7-6B2B-40EC-BB0F-D92EB2260679,D5D36093-9656-43FE-BFCC-C1ED1873EECB,Statistika & Probabilitas,4.0,CSF2600102
7ECE078B-AB8C-4DE8-8699-E23C7C659BF4,5028F1E9-E954-4F62-9244-BAB2C3E3A475,KERJA PRAKTIK,3.0,IKI40900
6186630C-BF54-45C8-9BD1-E24447D0D37F,D5D36093-9656-43FE-BFCC-C1ED1873EECB,PENGANTAR SISTEM DIJITAL,4.0,IKO12500
56D1E6A4-C135-47CB-B6FA-E248A86445A5,5028F1E9-E954-4F62-9244-BAB2C3E3A475,PENGEMBANGAN & PEMASARAN PRODUK,3.0,IKI20439
A1C8CC15-6BA0-4710-9927-EB16784386ED,D5D36093-9656-43FE-BFCC-C1ED1873EECB,ADMINISTRASI BISNIS,3.0,IKI20409
2A02EBCC-993D-4EDD-989C-F4C6E197B445,D5D36093-9656-43FE-BFCC-C1ED1873EECB,MPK AGAMA KRISTEN KATOLIK,2.0,UUI11021
F4F414D3-F53A-46E8-AD38-049D652F29EA,5028F1E9-E954-4F62-9244-BAB2C3E3A475,Manajemen Rantai Suplai,3.0,CSIE604165
E5A2A906-250D-480C-A24A-10099027F3FE,5028F1E9-E954-4F62-9244-BAB2C3E3A475,Komunikasi Bisnis dan Teknis,3.0,CSIM603291_57201_3
4D5BE405-BE67-4F4A-8C88-2AD79B8859F2,D5D36093-9656-43FE-BFCC-C1ED1873EECB,Analisis Numerik,0.0,CSC3602104
07AD36A1-AA34-46ED-B483-3AEC088B2251,5028F1E9-E954-4F62-9244-BAB2C3E3A475,ORGANIZATIONAL CHANGE &amp;amp; MANAGEMENT,3.0,IKI32450X
0E3DB28E-6D71-441C-B6A5-3B04DD75A003,D5D36093-9656-43FE-BFCC-C1ED1873EECB,EMBEDDED SYSTEMS,3.0,IKI32230
B88C7008-DE27-4365-822C-4327AC2DC242,5028F1E9-E954-4F62-9244-BAB2C3E3A475,DASAR-DASAR FERMENTASI,3.0,BIO30505
63558969-1845-480F-91B6-4D4E4D37182D,5028F1E9-E954-4F62-9244-BAB2C3E3A475,FISIKA DASAR I,4.0,FSK10111
AF3BC2DB-EC8E-4226-ACB1-4D5A79FC1A23,5028F1E9-E954-4F62-9244-BAB2C3E3A475,DASAR TEKNIK KOMP,3.0,EEC11001A
58270A7E-DA8E-4F2D-BFF3-56555CFAD810,D5D36093-9656-43FE-BFCC-C1ED1873EECB,Pengolahan Multimedia,3.0,CSCE604134
2F556666-C164-4184-A9BB-5FE0CC24BE6F,5028F1E9-E954-4F62-9244-BAB2C3E3A475,Proyek Pengembangan Sistem Informasi,6.0,CSIM603229_57201_6
20E1B6A4-5D0D-43B5-9C48-6AED11925636,D5D36093-9656-43FE-BFCC-C1ED1873EECB,TKBM Teknologi Perangkat Lunak,3.0,CSCE604227_55201_3
6CA6C869-1100-404E-9979-7B755A174F54,5028F1E9-E954-4F62-9244-BAB2C3E3A475,"FISIKA LISTRIK MAGNET,OPTIK&amp;amp;GELOMBANG",4.0,ENG12011
966929A6-2AF2-4E2D-9E14-7B763A4C5F1E,5028F1E9-E954-4F62-9244-BAB2C3E3A475,E-Dagang,3.0,CSIE604160_57201_3
14357E2C-0B9C-41DC-89CA-86CC762BF644,D5D36093-9656-43FE-BFCC-C1ED1873EECB,REKAYASA PERANGKAT LUNAK,3.0,IKI20700
C7C95A2F-7DB3-4279-A04B-993FBE006546,D5D36093-9656-43FE-BFCC-C1ED1873EECB,DESAIN DAN ANALISIS ALGORITMA,3.0,IKI40100
E7BBAE9C-9F5B-4412-94B2-994697FCB4BC,5028F1E9-E954-4F62-9244-BAB2C3E3A475,Game Development,0.0,CSC4601251
2B28CA8C-20BA-42BA-85F9-B34BC36FE7C1,D5D36093-9656-43FE-BFCC-C1ED1873EECB,Prinsip-Prinsip Manajemen,0.0,CSI2601601
CCE6EA30-892F-4115-BD0F-B35048940E6C,D5D36093-9656-43FE-BFCC-C1ED1873EECB,Statistika Probabilitas,0.0,CSF2600102
E8BDBE95-ED36-4DA3-A251-CEAA9D57B75E,D5D36093-9656-43FE-BFCC-C1ED1873EECB,TUGAS AKHIR,6.0,IKI40990
21B842D3-57D5-41B6-A250-E02F97740903,D5D36093-9656-43FE-BFCC-C1ED1873EECB,Basis Data 1,0.0,IKI20420I
ADD7DCCA-3DCD-4FE5-8863-F33570FEA448,D5D36093-9656-43FE-BFCC-C1ED1873EECB,Komputasi Lunak,0.0,CSC4601352
AF9D0294-1596-480C-8675-03ED9CCE4FAD,D5D36093-9656-43FE-BFCC-C1ED1873EECB,MPK Bahasa Inggris,0.0,UUI11021I
FF358162-1A14-4F62-8376-1A0F3128995D,5028F1E9-E954-4F62-9244-BAB2C3E3A475,Jaringan Komunikasi Data,3.0,CSIM603154
68B3246D-153D-4554-A015-28FFFCB60819,D5D36093-9656-43FE-BFCC-C1ED1873EECB,PENGANTAR MANAJEMEN SDM (P),2.0,PSY31417
069343D8-EDAB-4BE5-9F52-3C6300737C0E,D5D36093-9656-43FE-BFCC-C1ED1873EECB,Jejaring Semantik,3.0,CSCE604131
434A47C8-DD3D-4FF8-85C5-3C71D874EB01,5028F1E9-E954-4F62-9244-BAB2C3E3A475,STRUKTUR DATA DANALGORITMA,4.0,IKI20100X
C92EB463-365F-4A50-823B-4536AB885EA8,5028F1E9-E954-4F62-9244-BAB2C3E3A475,BASIS DATA,4.0,IKI20700
0702421C-7DD1-4C72-B949-4536B1D9893D,5028F1E9-E954-4F62-9244-BAB2C3E3A475,Metodologi Penelitian Penulisan Ilmiah,0.0,CSI3602901
431D2FBB-A619-4016-B7D6-453864566A34,D5D36093-9656-43FE-BFCC-C1ED1873EECB,FILSAFAT BUDAYA,3.0,SFT20202
48602AC3-9DAD-4FF5-9F15-4DE598FC0842,5028F1E9-E954-4F62-9244-BAB2C3E3A475,MANAJEMEN KEAMANAN INFORMASI,3.0,IKI32440X
222799A4-3F9B-4B82-9BC0-5682D0969A95,5028F1E9-E954-4F62-9244-BAB2C3E3A475,SISTEM INFORMASI GEOGRAFIS,3.0,IKI40400X
9CE7DD29-513D-489E-BD5B-678774530411,D5D36093-9656-43FE-BFCC-C1ED1873EECB,DIGITAL VIDEO PRODUCTION,2.0,MMDS2201
3447E198-BFEE-4FE3-B7D3-719568CE9CF4,5028F1E9-E954-4F62-9244-BAB2C3E3A475,ANALISIS DAN PERANCANGAN SISTEM,3.0,IKI30710
CDB4E00B-1938-4475-A360-7A187EBE9314,5028F1E9-E954-4F62-9244-BAB2C3E3A475,Proyek Pengembangan Sistem Informasi,6.0,CSI3602206
E9823E64-16E6-4A2E-ACC5-84041014999B,D5D36093-9656-43FE-BFCC-C1ED1873EECB,AGAMA ISLAM,2.0,UUI1202O
E9BCCF0B-E4DD-4A93-81AE-84213102E6C4,D5D36093-9656-43FE-BFCC-C1ED1873EECB,Sistem Cerdas,4.0,CSC3601300
EB88BB1D-A55F-4E29-A4F5-8EB33CD5D0DB,D5D36093-9656-43FE-BFCC-C1ED1873EECB,KOMPUTER & MASYARAKAT,3.0,IKI40903
072F70B9-61E2-4202-9249-97D6E89EF782,5028F1E9-E954-4F62-9244-BAB2C3E3A475,METODE PENELITIAN KUALITATIF,2.0,PSP51003
E9CA665B-3C70-41A3-A96A-A3546012E35F,D5D36093-9656-43FE-BFCC-C1ED1873EECB,Pengolahan Sinyal Dijital,3.0,CSCE604152
DB1C7FC9-BA2A-4F8A-9B55-D88832F1C182,5028F1E9-E954-4F62-9244-BAB2C3E3A475,PERANCANGAN VLSI,4.0,EEC22001
1D225B91-6EF9-4DA0-9343-EB74F42C9942,D5D36093-9656-43FE-BFCC-C1ED1873EECB,TEORI INFORMASI,3.0,IKO32150
EDE88624-F4DA-4408-AF41-F42F8F95DFAB,D5D36093-9656-43FE-BFCC-C1ED1873EECB,SOFTWARE ENGINEERING,4.0,IKI20700I
A4CDA1F6-2DA8-4C81-B1D4-0034DEE5F470,D5D36093-9656-43FE-BFCC-C1ED1873EECB,PERSAMAAN DIFERENSIAL,3.0,IKO32152
AED39032-9D28-471B-940F-00417E3D56D6,D5D36093-9656-43FE-BFCC-C1ED1873EECB,SISTEM INFORMASO GEOGRAFIS,3.0,IKI40400
9FAB6F0A-3BFC-4422-A165-13FECADB986F,5028F1E9-E954-4F62-9244-BAB2C3E3A475,MANAJEMEN PENGETAHUAN,3.0,IKS41850
966E39D5-A895-41BA-A14B-1BFECCC3BCC5,D5D36093-9656-43FE-BFCC-C1ED1873EECB,PRINSIP-PRINSIP MANAJEMEN,3.0,IKI30900
3F212363-8686-4E8B-B48B-1C1A96F95F5C,5028F1E9-E954-4F62-9244-BAB2C3E3A475,MPKT TERINTEGRASI,6.0,UUI11001
5B9C06D9-2834-4168-B2E4-2ABD83697CA3,D5D36093-9656-43FE-BFCC-C1ED1873EECB,Pengantar Sistem Dijital,4.0,CSCM601150_55201_4
19D96176-E777-413C-B846-2AC857404023,5028F1E9-E954-4F62-9244-BAB2C3E3A475,Technopreneurship,3.0,CSIE604290_57201_3
95D42769-0613-4871-ABBF-3A73D8BB1FB9,D5D36093-9656-43FE-BFCC-C1ED1873EECB,Robotika,0.0,CSC4602360
ED099D27-5570-43CE-9B19-4BC8CA3ED08E,5028F1E9-E954-4F62-9244-BAB2C3E3A475,MAYOR PIO SEM 3,2.0,PMP61305
3F49F430-5727-487F-B0F3-5BEE84C50EC2,D5D36093-9656-43FE-BFCC-C1ED1873EECB,MPK Seni - Apresiasi Film,1.0,UIGE600020
31324716-7DBD-4DF4-9C51-A265405443A2,D5D36093-9656-43FE-BFCC-C1ED1873EECB,TEKNOLOGI MOBILE,3.0,IKS41759
207B4C70-E6CF-446D-AE53-A276CC5671D0,5028F1E9-E954-4F62-9244-BAB2C3E3A475,PEMROSESAN TEKS,3.0,IKI40921
873BE572-BDC6-4F19-A364-AA914AB06B25,5028F1E9-E954-4F62-9244-BAB2C3E3A475,"IS Strategy, Management &amp;amp;  Acquisition",3.0,CSIE604162
D3021BC5-9421-47DE-9256-B2AFE26D5A66,5028F1E9-E954-4F62-9244-BAB2C3E3A475,KEWIRAUSAHAAN,3.0,IKI40409X
103927E0-C817-4605-BC1D-C39133FE11EF,D5D36093-9656-43FE-BFCC-C1ED1873EECB,TEKNIK SIMULASI DAN PEMODELAN,3.0,IKI40620
3CFA67E7-FB62-4049-8421-D42BAD54D45C,D5D36093-9656-43FE-BFCC-C1ED1873EECB,PSIKOLOGI PERILAKU SEKSUAL (P),2.0,PSK31613
59109DDF-8C60-4645-91B5-EDECC0D67475,5028F1E9-E954-4F62-9244-BAB2C3E3A475,Basis Data Lanjut,0.0,CSC4601754
1E77CCD6-4060-4D60-8765-10BF6C75DF8C,5028F1E9-E954-4F62-9244-BAB2C3E3A475,PRINSIP-PRINSIP MANAJEMEN,3.0,IKS21601
6C324B82-7AC2-4FE7-8E02-10D1C014CC20,5028F1E9-E954-4F62-9244-BAB2C3E3A475,MPK TERINTEGRASI,6.0,UUI12020
D1394FBF-4773-4F46-AFAC-185ACABCE9AA,5028F1E9-E954-4F62-9244-BAB2C3E3A475,MPK Agama Kristen Katolik,2.0,UIGE600011
EA2F1553-4C71-459B-B8D4-20EE9C904A31,5028F1E9-E954-4F62-9244-BAB2C3E3A475,KERJA PRAKTIK,3.0,IKI40902
3876B1BA-32DF-43C7-A505-285046437FA5,D5D36093-9656-43FE-BFCC-C1ED1873EECB,MACHINE LEARNING (SYARAT: SISTEM CERDAS),3.0,IKI32310
BC6CCAF1-F902-46E1-A626-287198E4546F,5028F1E9-E954-4F62-9244-BAB2C3E3A475,STATISTIKA,3.0,DFA20850
7796CC88-7267-43A1-8648-38D3223F15E2,D5D36093-9656-43FE-BFCC-C1ED1873EECB,BUSINESS COMMUNICATION,3.0,MGMT21056
C4B68BDA-8F7E-4B29-96A9-38EEAB92BF5B,D5D36093-9656-43FE-BFCC-C1ED1873EECB,Basis Data,4.0,CSGE602070_55201_4
71D32E89-A426-4607-AE31-4903CAF9F46B,D5D36093-9656-43FE-BFCC-C1ED1873EECB,Robotika,3.0,CSCE604232_55201_3
4A4BE5F6-AB95-447D-A0FC-4912536A2F31,D5D36093-9656-43FE-BFCC-C1ED1873EECB,RANCANGAN SISTEM DIGITAL,3.0,IKI31220
ED98C493-54CC-4006-9D82-491CCC79B540,5028F1E9-E954-4F62-9244-BAB2C3E3A475,PRAKTEK DASAR TEKNIK KOMPUTER II,1.0,EEC11002C
1110846A-5113-46E1-B8C6-5154E0A987A6,D5D36093-9656-43FE-BFCC-C1ED1873EECB,PRINSIP-PRINSIP MANAJEMEN,3.0,IKI10409
770FDE13-6E07-4515-9452-892F458B766F,D5D36093-9656-43FE-BFCC-C1ED1873EECB,KRIPTOGRAFI & KEAMANAN INFORMASI,4.0,IKO32453
8FC478E0-2B57-46DD-A0BA-914264E41CF2,D5D36093-9656-43FE-BFCC-C1ED1873EECB,STATISTIKA,2.0,DFA20850
30EC7BE4-A7B6-46C3-9FFA-B25EE729E964,5028F1E9-E954-4F62-9244-BAB2C3E3A475,MPK BHS INGGRIS,3.0,UUI11010
B674CB02-CD8A-4253-A469-CC129894317B,D5D36093-9656-43FE-BFCC-C1ED1873EECB,WHITE COLLAR CRIME,3.0,SKR30022
86FE7908-7BD9-445E-AE5D-E5F944AB56E9,D5D36093-9656-43FE-BFCC-C1ED1873EECB,KEWARGANEGARAAN,2.0,MKU00050
48649C06-41E9-48BE-9738-E601F23D3CC9,D5D36093-9656-43FE-BFCC-C1ED1873EECB,Aljabar Linier,3.0,CSGE602012_55201_3
673B6945-CD06-4246-A454-EE752902D075,D5D36093-9656-43FE-BFCC-C1ED1873EECB,KONSEP PEMROGRAMAN I,4.0,IKI10800
8FF9DB63-346B-4DF7-95E5-FE80E61FF479,D5D36093-9656-43FE-BFCC-C1ED1873EECB,Probabilitas Terapan,0.0,IKI30630I
130815DB-AC1A-48C4-BF17-FE84C73CA3DD,D5D36093-9656-43FE-BFCC-C1ED1873EECB,KOPERASI & KEUANGAN MIKRO,2.0,FEUI10002
AE379A7D-1C59-4CA0-AE53-0CC8D177A791,5028F1E9-E954-4F62-9244-BAB2C3E3A475,RISET OPERASI,3.0,IKS22403
2F7DAF47-95CA-4B9F-B104-1565167685F5,D5D36093-9656-43FE-BFCC-C1ED1873EECB,BASIS DATA I,3.0,IKI20410
2BEFC5B6-1314-4E4F-867A-3621F8C6D7F3,5028F1E9-E954-4F62-9244-BAB2C3E3A475,Kecerdasan Bisnis,3.0,CSI4602651
62CC4400-E443-4343-B9F1-4D9A3ECB19E2,5028F1E9-E954-4F62-9244-BAB2C3E3A475,TEKNIK MULTIMEDIA,3.0,IKI42500
CD399050-13B0-47B3-A8E1-5575D8190E1E,D5D36093-9656-43FE-BFCC-C1ED1873EECB,PENGANTAR ILMU ADM. PUBLIK,3.0,SIA30043
28D5736C-DEEA-43EE-AAD3-557BF4477A65,5028F1E9-E954-4F62-9244-BAB2C3E3A475,Business Process Management,3.0,CSIE604262
4E2AC937-F844-4A91-8A8C-5D3B351B3987,5028F1E9-E954-4F62-9244-BAB2C3E3A475,MATEMATIKA DISKRET I,3.0,IKI10600
FAB633ED-CEB4-47DD-A7E3-658FEB57AAF1,5028F1E9-E954-4F62-9244-BAB2C3E3A475,"FISIKA LISTRIK MAGNET,OPTIK&amp;amp;GELOMBANG",4.0,ENG12011A
82D61A06-7A9E-425B-8758-659A52D9C8D9,5028F1E9-E954-4F62-9244-BAB2C3E3A475,KEMAGISTERAN KLS B,3.0,PSP51003
CC4C84A1-FCDA-4D50-8A0A-7FED94BDC19F,5028F1E9-E954-4F62-9244-BAB2C3E3A475,DASAR-DASAR PEMROGRAMAN,6.0,IKI10200
16BA79B5-0805-4FAB-A9C9-92F716B9482A,5028F1E9-E954-4F62-9244-BAB2C3E3A475,SISTEM INFORMASI AKUTANSI & KEUANGAN,3.0,IKI32430X
5CAA07BA-7459-44A5-B495-9BC815FDF2CE,5028F1E9-E954-4F62-9244-BAB2C3E3A475,Manajemen Rantai Suplai,3.0,CSI3601605
35DF9319-C4C3-4546-94EC-A446CAA956EC,5028F1E9-E954-4F62-9244-BAB2C3E3A475,Administrasi Sistem,3.0,CSIE604274_57201_3
91A3741B-C5BB-48BB-89AA-B65597562624,D5D36093-9656-43FE-BFCC-C1ED1873EECB,Komputasi Lunak,3.0,CSCE604132
47C10BCC-C801-4C0F-A14A-B65F58A9B389,D5D36093-9656-43FE-BFCC-C1ED1873EECB,KOMPUTASI UBIQUITOUS & NET-SENTRIS,3.0,IKO41557
723CD6FD-993E-4772-8D9F-C86C3171623F,D5D36093-9656-43FE-BFCC-C1ED1873EECB,PSIKOLOGI KONSUMEN,2.0,PSK31400
DF3668B0-C035-44E2-B685-C8738DF05798,D5D36093-9656-43FE-BFCC-C1ED1873EECB,MPK AGAMA KRISTEN PROTESTAN,2.0,UUI12021
59108C48-0B9B-48A0-AA2F-C87B1DEE9689,5028F1E9-E954-4F62-9244-BAB2C3E3A475,E-Dagang,3.0,CSIE604160
48F0E65B-687C-480A-B71F-C87F273B05B7,D5D36093-9656-43FE-BFCC-C1ED1873EECB,LOGIKA KOMPUTASIONAL,3.0,IKO41454
E6037A27-DB47-4180-BC6B-DA530C53FB19,D5D36093-9656-43FE-BFCC-C1ED1873EECB,Perilaku Organisasi,0.0,CSI4601653
9BD00692-97C1-4E03-B619-EC7A5EAC0754,D5D36093-9656-43FE-BFCC-C1ED1873EECB,Pengantar Sistem Digital,4.0,CSCM601150
E9FB6297-55A0-47ED-8515-EC856A8812E0,D5D36093-9656-43FE-BFCC-C1ED1873EECB,PEMROGRAMAN FUNGSIONAL,3.0,IKI30810
1CECB9FC-F616-49D7-8900-FED67DBF430D,D5D36093-9656-43FE-BFCC-C1ED1873EECB,MACHINE LEARNING,2.0,COMP4702
DF98F6C1-3783-48C3-A397-0139D027244B,D5D36093-9656-43FE-BFCC-C1ED1873EECB,SIMULASI & PEMODELAN,3.0,IKO41151
124E2527-3432-439F-BA94-17F0D62D744D,D5D36093-9656-43FE-BFCC-C1ED1873EECB,SISTEM INFORMASI GEOGRAFIS,3.0,IKI40400X
9ADDD192-CAA8-4A58-876A-17FB7548574B,5028F1E9-E954-4F62-9244-BAB2C3E3A475,PRINSIP-PRINSIP SISTEM INFORMASI,3.0,IKS12800
D6C6E610-54CF-4A59-A2DC-1FC6C8DE2185,5028F1E9-E954-4F62-9244-BAB2C3E3A475,KOMPUTER DAN MASYARAKAT,3.0,IKI40020
CA4A4EF6-AFD9-4494-AFBD-2B3B617D83AC,D5D36093-9656-43FE-BFCC-C1ED1873EECB,Matematika Diskrit 1,3.0,CSGE601010
BC2F5619-D57C-4B9A-A642-337C14410E65,D5D36093-9656-43FE-BFCC-C1ED1873EECB,Sistem Terdistribusi,3.0,CSCE604254
A559A171-7BCE-4D1E-9F22-4E86D62EA394,D5D36093-9656-43FE-BFCC-C1ED1873EECB,TOPIK DALAM KOMPUTASI PARALEL,4.0,IKI80250
A5E0E3C4-F895-4AC8-8FBD-57AC4C453AD1,D5D36093-9656-43FE-BFCC-C1ED1873EECB,SISTEM OPERASI,3.0,IKI20230
96FCFB0D-C49A-4366-9AC6-607F8A426245,5028F1E9-E954-4F62-9244-BAB2C3E3A475,Teknologi Mobile,3.0,CSI4601759
ED9C3965-676E-4E8D-8406-7BE7D92191A3,5028F1E9-E954-4F62-9244-BAB2C3E3A475,PENGANTAR EKONOMI 2,2.0,ECON10200
277A5903-790C-4120-89D3-8CD202E1AC96,D5D36093-9656-43FE-BFCC-C1ED1873EECB,IDENT.& PENGEMBANAN KREATIVITAS,2.0,PSY21215
3AD3F454-9359-4F92-A87F-9DC1AED034D6,5028F1E9-E954-4F62-9244-BAB2C3E3A475,MATEMATIKA LANJUT,3.0,EES21001
98268385-7BE5-4AEF-B59A-9DCB7B1A07D5,5028F1E9-E954-4F62-9244-BAB2C3E3A475,ENTERPRISE RESOURCE PLANNING,3.0,IKI30440X
C4B8B249-7ECA-4AC9-8B15-AF0055033CFB,5028F1E9-E954-4F62-9244-BAB2C3E3A475,Sistem-Sistem Perusahaan,3.0,CSIM602262
F5C5C36D-60F9-4095-9420-B7A7EFB99230,D5D36093-9656-43FE-BFCC-C1ED1873EECB,METODOLOGI FORMAL PEMOGRAMAN,3.0,IKI30720
454D2DE7-1904-41BC-90CD-BFE710E589A1,5028F1E9-E954-4F62-9244-BAB2C3E3A475,Psikologi Media (P,0.0,PSI22619
D03C8392-D870-4629-8E12-C8E5EDF5D853,D5D36093-9656-43FE-BFCC-C1ED1873EECB,Jaringan Komputer,4.0,CSCM603154_55201_4
D7D2DA6C-62CE-4247-BB2D-D911E1B0BF45,D5D36093-9656-43FE-BFCC-C1ED1873EECB,KALKULUS II,2.0,KI20081
39CBC988-3025-4D34-8CC5-E1A8AB62E073,D5D36093-9656-43FE-BFCC-C1ED1873EECB,WEB DESIGN AND PROGRAMMING,4.0,IKI10830I
D1945BA2-93F0-46A2-A3D9-EABC0BAF5FBB,D5D36093-9656-43FE-BFCC-C1ED1873EECB,BAHASA PERANCIS SUMBER LANJUTAN,3.0,SPS10307
D7BEBA6B-1856-49D4-BF26-0B5D4B7624D5,D5D36093-9656-43FE-BFCC-C1ED1873EECB,MPK Agama Kristen Protestan,2.0,UIGE600012
92D0CCD9-6976-472F-AD80-1DA18DA67133,D5D36093-9656-43FE-BFCC-C1ED1873EECB,TK: DLM SISTEM INFORMASI,3.0,IKI40940
B6293E77-7AEB-4062-B2D3-2C5B24892343,D5D36093-9656-43FE-BFCC-C1ED1873EECB,SEJARAH EKONOMI JEPANG I,2.0,SJG31616
831D21F7-4121-4536-A1BD-3702CF5E2667,D5D36093-9656-43FE-BFCC-C1ED1873EECB,AGAMA ISLAM,2.0,UUI12020I
995EA03C-9116-4A77-AD23-3F297A9F247D,D5D36093-9656-43FE-BFCC-C1ED1873EECB,Fisika Dasar 2,0.0,CSC1602106
EC9CC5AA-DD58-420A-97AB-48A4F4F039A1,D5D36093-9656-43FE-BFCC-C1ED1873EECB,Pemrograman Sistem,0.0,CSC3601204
F09F7B65-7C97-4F1B-8EF8-48B6432E670E,5028F1E9-E954-4F62-9244-BAB2C3E3A475,PROBABILITAS TERAPAN,3.0,IKI20630
34E4F620-ECE3-4BD5-A00B-50AEC295FA0B,D5D36093-9656-43FE-BFCC-C1ED1873EECB,Matematika Dasar 2,4.0,SCMA601111
643FDC94-2DDD-4ECA-8463-50B4E6391DE4,5028F1E9-E954-4F62-9244-BAB2C3E3A475,MANAJEMEN SISTEM INFORMASI,3.0,IKI31450
B0FF916F-3451-4719-9BA3-60BA25438DD4,5028F1E9-E954-4F62-9244-BAB2C3E3A475,MPK AGAMA KRISTEN PROTESTAN,2.0,UUI12022
0F1E1495-9442-4DD4-84DF-60C72DE803D3,5028F1E9-E954-4F62-9244-BAB2C3E3A475,PRINSIP-PRINSIP SISTEM INFORMASI,3.0,IKI10400X
D33BFCB2-C088-4BC3-BFBD-684B944C20D1,D5D36093-9656-43FE-BFCC-C1ED1873EECB,Analisis Numerik,3.0,CSCM603217
81556B2D-3C3C-45D7-BED0-798854613F34,D5D36093-9656-43FE-BFCC-C1ED1873EECB,TOPIK DALAM PEMBELAJARAN MESIN,4.0,IKI80310
4372626D-32DD-4C64-A425-9A5CD5FA7A54,5028F1E9-E954-4F62-9244-BAB2C3E3A475,PSIKOLOGI & MEDIA (P),2.0,PSI22619
B5ECEF7A-D175-410F-AABD-9A71CD3CFA72,D5D36093-9656-43FE-BFCC-C1ED1873EECB,ELECTRONIC COMMERCE,6.0,IKI42430
47767056-8888-459B-8760-CC43FAAD1F23,5028F1E9-E954-4F62-9244-BAB2C3E3A475,Pemrograman Berbasis Platform,4.0,CSGE602022
180B1867-411B-445F-9575-0F7847AA16C9,D5D36093-9656-43FE-BFCC-C1ED1873EECB,KOMPUTER & MASYARAKAT,2.0,IKI40010
305D9CA4-9952-41E5-9724-0F7A62FC8AAF,D5D36093-9656-43FE-BFCC-C1ED1873EECB,Manajemen Sistem Informasi,0.0,CSI4601852
87B50B25-7D65-4758-B261-0F7EC3BD733C,5028F1E9-E954-4F62-9244-BAB2C3E3A475,MATEMATIKA DASAR 1,2.0,MAT10113
D38D4767-2F61-4FDE-8431-1712B9BA90AC,D5D36093-9656-43FE-BFCC-C1ED1873EECB,BAHASA BELANDA SUMBER,3.0,BBA30619
1C6EB05A-2FD4-4995-BEC0-27EDC2B38177,5028F1E9-E954-4F62-9244-BAB2C3E3A475,MAYOR KLA SEM 3,3.0,PMP61206
E6218D29-F449-43A5-A15B-3912A30C7201,5028F1E9-E954-4F62-9244-BAB2C3E3A475,PRAK. DASAR JARINGAN KOMP,1.0,EEC22004A
17EB3AE0-7FB0-4F72-A279-519D5C99D739,D5D36093-9656-43FE-BFCC-C1ED1873EECB,Rekayasa Perangkat Lunak,4.0,IKI20700I
36EADE95-D79A-4060-814E-59AEF52FC987,5028F1E9-E954-4F62-9244-BAB2C3E3A475,Perencanaan Sumberdaya Perusahaan,0.0,CSI2602602
8866F6CF-D9D6-4DF6-B2CB-59C223A85CCC,D5D36093-9656-43FE-BFCC-C1ED1873EECB,BIOTEKNOLOGI,2.0,BIO40606
A3BB333A-B2D5-4715-A40E-908C9EAE3B33,5028F1E9-E954-4F62-9244-BAB2C3E3A475,MPK Agama Kristen Protestan,2.0,UIGE600012
D9939614-0860-4C37-92CC-B0F929300512,5028F1E9-E954-4F62-9244-BAB2C3E3A475,MPK Agama (06.00.12.01-2020),2.0,UIGE600004
70469954-586A-46ED-BFD1-B106B7AAA2FA,5028F1E9-E954-4F62-9244-BAB2C3E3A475,MANAJEMEN PROYEK TI,3.0,IKI31410
9BD73F00-15CB-496C-BBBD-C21284085EDE,5028F1E9-E954-4F62-9244-BAB2C3E3A475,Basis Data,4.0,CSGE602070_57201_4
D94706EC-5862-4AE8-8BD7-02BEA146F2CD,5028F1E9-E954-4F62-9244-BAB2C3E3A475,Penambangan Data &amp;amp; Inteligensia Bisnis,3.0,CSIE604271
860A2DA1-4FFE-4535-A6C0-0D3B3EBD319C,5028F1E9-E954-4F62-9244-BAB2C3E3A475,IT Governance,3.0,CSIE604182
99CC0C8E-AAA1-4FDC-9C7A-15C2B0D4A762,5028F1E9-E954-4F62-9244-BAB2C3E3A475,MPK Olahraga Tenis,1.0,UIGE600047
1721B284-9171-4942-AAC9-15CB7D30B063,5028F1E9-E954-4F62-9244-BAB2C3E3A475,ALJABAR LINEAR,4.0,ENG12003A
F37586D9-BD7B-422C-81E7-15E31BABB809,D5D36093-9656-43FE-BFCC-C1ED1873EECB,Pemrograman Lanjut,4.0,CSCM602223
1941F3FD-EDED-494A-9E89-349FA8B9C1E1,5028F1E9-E954-4F62-9244-BAB2C3E3A475,Manajemen Proyek TI,3.0,CSI4601259
CF59389D-19D7-4E9D-AB1F-3C7E42B23F30,5028F1E9-E954-4F62-9244-BAB2C3E3A475,METODOLOGI PENELITIAN,3.0,IKI40010X
3748A360-BB83-4726-AD80-3C95AB43F29A,D5D36093-9656-43FE-BFCC-C1ED1873EECB,TEORI INFORMASI,3.0,IKI30250
63BA8529-8AC1-4355-B041-4B126A1217FD,5028F1E9-E954-4F62-9244-BAB2C3E3A475,SISTEM OPERASI,4.0,IKI20230I
55655AC5-D394-4E8B-9A1F-4B1505F67AD5,D5D36093-9656-43FE-BFCC-C1ED1873EECB,COMPILERS AND INTERPRETERS,2.0,COMP4403
B87DE5AB-31CB-4F20-9A59-535CBA6F199C,D5D36093-9656-43FE-BFCC-C1ED1873EECB,STUDI MANDIRI SOFT COMPUTING,4.0,IKI80303
85804BB3-CDF1-4B65-B7A8-659E8963D4D1,D5D36093-9656-43FE-BFCC-C1ED1873EECB,Pengajaran Berbantuan Komputer,3.0,CSCE604183
70115E31-AF5C-4E4E-BABB-6EF9C9A3725E,5028F1E9-E954-4F62-9244-BAB2C3E3A475,SISTEM INFORMASI AKUNTANSI DAN KEUANGAN,3.0,IKI32430
5E6602F4-4744-43C4-B734-795DFD6DEF7E,D5D36093-9656-43FE-BFCC-C1ED1873EECB,LINGKUNGAN DAUR HIDUP,3.0,AIF200820
7BF62652-69B8-429B-AD82-8C4EA1725027,5028F1E9-E954-4F62-9244-BAB2C3E3A475,Matematika Dasar 1,0.0,UIST601110
C2E452D9-BAE8-43DF-93AD-A6D9BF673F63,5028F1E9-E954-4F62-9244-BAB2C3E3A475,TOPIK KHUSUS,3.0,IKI409XY
1DDB384C-8F8B-482D-BBD3-AF2C9A476A18,D5D36093-9656-43FE-BFCC-C1ED1873EECB,"PERKEMBANGAN SOSIAL,EMOSI & KEPRIBADIAN",2.0,PSY31115
50404A35-EEC2-4EE5-8BDE-AF3FCFECDB9A,D5D36093-9656-43FE-BFCC-C1ED1873EECB,Forensik Digital,4.0,CSCE604156
1151670D-13D7-4F32-AB83-B6C9FCD719D9,5028F1E9-E954-4F62-9244-BAB2C3E3A475,Sistem Informasi Akuntansi dan Keuangan,3.0,CSI3602606
49A4A5BA-9EF4-40A0-9E2E-BEC8110425DE,D5D36093-9656-43FE-BFCC-C1ED1873EECB,SISTEM TERDISTRIBUSI,3.0,IKI30220
6180D851-2740-40A3-8694-E50FF0C84B0A,D5D36093-9656-43FE-BFCC-C1ED1873EECB,FNAL ASSIGNMENT,6.0,IKI40990I
1B179346-3AF2-4807-8328-EE7F407FA2F5,D5D36093-9656-43FE-BFCC-C1ED1873EECB,MANAJEMEN PROYEK TI,3.0,IKI31410
44B3BE27-780E-4285-BCEB-EE804B806B59,D5D36093-9656-43FE-BFCC-C1ED1873EECB,PERANCANGAN ORGANISASI,2.0,IES220806
45FB54EC-4F85-4910-9E7A-EE9EE5F00C37,5028F1E9-E954-4F62-9244-BAB2C3E3A475,MAYOR PIO SEM II,2.0,PMP52303
C32DE0EE-A566-48DF-AA61-19D4E4A5CAF5,5028F1E9-E954-4F62-9244-BAB2C3E3A475,Pengembangan dan Pemasaran Produk,0.0,CSI4601652
4D38E44A-0957-4D30-B466-222B69101360,5028F1E9-E954-4F62-9244-BAB2C3E3A475,RANGKAIAN LISTRIK 1,4.0,EES21003
DA8EE519-5E05-496A-B51D-2A2A29AA4A2E,5028F1E9-E954-4F62-9244-BAB2C3E3A475,MANAJEMEN PROYEK TI,3.0,IKS31259
3E4A5211-A7CB-4926-A14D-42D999801AA1,D5D36093-9656-43FE-BFCC-C1ED1873EECB,Pengolahan Bahasa Manusia,3.0,CSC4602354
4DE1EA24-6B1C-4C52-9D1E-6526653BDC08,D5D36093-9656-43FE-BFCC-C1ED1873EECB,PENGANTAR ILMU KOMUNIKASI,3.0,SIK30001
75EA7940-9E1B-4463-9CBF-7697F400D849,5028F1E9-E954-4F62-9244-BAB2C3E3A475,STRUKTUR DATA & ALGORITMA,3.0,IKI10100
4D8F3B25-C242-4A81-A4D6-7FB11EC86A01,D5D36093-9656-43FE-BFCC-C1ED1873EECB,Pemrograman Paralel,4.0,CSCE604129
88C506A2-3D9C-4D42-A2D8-91D90F21B1DF,5028F1E9-E954-4F62-9244-BAB2C3E3A475,JARINGAN KOMPUTER,3.0,IKI20240
97D9AF9E-E8F9-4656-8B05-A3B4A64AC9EF,D5D36093-9656-43FE-BFCC-C1ED1873EECB,Proyek Perangkat Lunak,6.0,CSCM603228_55201_6
12714897-FA07-453B-A389-A3BE2FD88B85,D5D36093-9656-43FE-BFCC-C1ED1873EECB,AUTOMATA AND LANGUAGE THEORY,3.0,IKI30600I
0AD3CC69-9502-481B-9D15-ACC331AFB81D,D5D36093-9656-43FE-BFCC-C1ED1873EECB,Matematika Diskret 2,0.0,CSF2600101
7EB5A724-DEC8-4A41-A5F5-C04E99B8ED76,D5D36093-9656-43FE-BFCC-C1ED1873EECB,MANAJEMEN,3.0,MGMT11002
A96C3E68-AB7B-4D97-972F-C9310EC40E46,D5D36093-9656-43FE-BFCC-C1ED1873EECB,ADVANCED PROGRAMMING,4.0,IKI20810I
1A2199E4-789E-42C2-A4F1-C93CF77108FC,5028F1E9-E954-4F62-9244-BAB2C3E3A475,MAYOR KLA SEM 3,3.0,PMP61205
A06B4B96-A358-482E-8F4E-07A2E8BE22EC,5028F1E9-E954-4F62-9244-BAB2C3E3A475,SISTEM INFORMASI AKUNTANSI DAN KEUANGAN,3.0,IKS32606
04AE8D2C-504A-45B9-9A0E-1BE95D79E1C3,D5D36093-9656-43FE-BFCC-C1ED1873EECB,KALKULUS I,4.0,IKI10040
83590389-6F79-4346-BAB9-1BE984355B2B,5028F1E9-E954-4F62-9244-BAB2C3E3A475,Dasar-Dasar Pemrograman 1,4.0,CSF1600200_57201_4
8A47CA0B-3F76-4BCC-B43A-1BFE569AA87A,5028F1E9-E954-4F62-9244-BAB2C3E3A475,Basis Data,0.0,CSF2600700
7FF9EA17-4E21-47E4-93C5-2F1C0EE9DE49,D5D36093-9656-43FE-BFCC-C1ED1873EECB,ADMINISTRASI BISNIS,3.0,IKI20409X
2EDA6759-1003-4AF2-9CFB-3805C8EF02E0,D5D36093-9656-43FE-BFCC-C1ED1873EECB,Fisika Dasar,3.0,SCFI601112
A0EAF24F-0C36-41A7-B4DE-416EB218B70E,5028F1E9-E954-4F62-9244-BAB2C3E3A475,MPK OLAHRAGA / SENI,1.0,BJN20635
FEBC98AE-E1C0-435F-B0DE-4B63B314DEC0,D5D36093-9656-43FE-BFCC-C1ED1873EECB,Penambangan Data,3.0,CSCE604233
907BDFA8-B21E-41BA-AF4C-5F0AA676DF9B,D5D36093-9656-43FE-BFCC-C1ED1873EECB,SEJARAH PENDIDIKAN JEPANG I,2.0,SJG30203
619F491C-AC5D-4DA5-B923-5F1B5CF83169,D5D36093-9656-43FE-BFCC-C1ED1873EECB,Pemelajaran Mesin,3.0,CSCE604235_55201_3
770CE13B-DB04-4F4F-A7DE-7375C4EB37BE,5028F1E9-E954-4F62-9244-BAB2C3E3A475,BASIS DATA I,3.0,IKI20430
9EAA6FB6-DB7A-4B77-9334-9FDE86BA4C54,D5D36093-9656-43FE-BFCC-C1ED1873EECB,PSYKOLOGI KOGNITIF,2.0,PSY22302
98FA6F8E-E82C-41CF-BE89-B8ECACA0A138,D5D36093-9656-43FE-BFCC-C1ED1873EECB,Proyek Perangkat Lunak,6.0,CSC3602205
5F4548D9-DD25-4FAD-A8C9-C18D4B025F5D,D5D36093-9656-43FE-BFCC-C1ED1873EECB,Persamaan Diferensial,3.0,CSCE604212_55201_3
86DF3CB3-27A6-43AA-BB12-CBF77ABBC43E,D5D36093-9656-43FE-BFCC-C1ED1873EECB,MANAJEMEN PENGETAHUAN,3.0,IAE40062
18FD2CFD-B37D-41EC-B617-04851377C8EC,D5D36093-9656-43FE-BFCC-C1ED1873EECB,TECHNOPRENEURSHIP,3.0,IKS42950
60216927-24DA-48E4-9095-0DFAF2E416C9,5028F1E9-E954-4F62-9244-BAB2C3E3A475,TUGAS AKHIR,6.0,IKI40990
0BACC0BB-482C-44CE-8979-0DFD75EDEB4C,D5D36093-9656-43FE-BFCC-C1ED1873EECB,Pengolahan Bahasa Manusia,3.0,CSCE604231_55201_3
D789081E-AE5A-470D-9E64-366EE17E7ED1,5028F1E9-E954-4F62-9244-BAB2C3E3A475,PERILAKU ORGANISASI,3.0,SIA30042
79E69943-BFE3-4949-A03D-3670311A582C,5028F1E9-E954-4F62-9244-BAB2C3E3A475,MATEMATIKA DASAR,3.0,IKI10040
051A7AED-C7E4-4FCC-80CA-3F0F8ECA675A,5028F1E9-E954-4F62-9244-BAB2C3E3A475,Rekayasa Perangkat Lunak,3.0,CSF3600202
BA8C311C-D721-46B7-A46C-4764D9CC23DA,D5D36093-9656-43FE-BFCC-C1ED1873EECB,Pemrograman Sistem,3.0,CSCE604227
1FB2B342-F619-48B0-9938-5755FCAB4AF9,D5D36093-9656-43FE-BFCC-C1ED1873EECB,PSIKOLOGI WANITA (T & P) (P),2.0,PSY31514
AAC29759-3CC1-4BDD-95D1-78C41D99CEC2,D5D36093-9656-43FE-BFCC-C1ED1873EECB,Pengantar Organisasi Komputer,3.0,CSC2601502
BCD78514-D5BB-4DDB-AAD0-8327AC9D3034,5028F1E9-E954-4F62-9244-BAB2C3E3A475,Perancangan Pemrograman Web,0.0,CSF2600201
CEB9222A-8C53-4E3C-BFBB-9D3A63DB2930,D5D36093-9656-43FE-BFCC-C1ED1873EECB,PENAMBANGAN DATA,3.0,IKO42351
C18ABC02-60DB-442C-8660-A6A241B96FDD,5028F1E9-E954-4F62-9244-BAB2C3E3A475,Pengembangan Perangkat Lunak Open Source,3.0,CSIE604224
24B37A61-346F-4E67-A3A5-A6A289572830,D5D36093-9656-43FE-BFCC-C1ED1873EECB,Teori Bahasa Automata,0.0,IKI30600I
691AC9A0-8B1D-4B90-B5A7-BF6C8C67118C,D5D36093-9656-43FE-BFCC-C1ED1873EECB,KALKULUS II,3.0,IKI20081
80A816FB-7A1B-48FD-B815-BF6E1860544E,5028F1E9-E954-4F62-9244-BAB2C3E3A475,Sistem Informasi Perusahaan dan Akuntansi,4.0,CSIM602263
6FCDB84F-4C45-4B73-8D6D-BF727828ECEB,D5D36093-9656-43FE-BFCC-C1ED1873EECB,TESIS,6.0,IKI83902T
71FB0E4A-F56C-4967-B9A9-C81B1C30E997,D5D36093-9656-43FE-BFCC-C1ED1873EECB,MPK AGAMA ISLAM,2.0,UUI11020
585C867D-20B1-4361-8CB5-CFCA5FD5319F,D5D36093-9656-43FE-BFCC-C1ED1873EECB,PERANCANGAN & PEMROGRAMAN WEB,3.0,IKI20201
1D08FBAE-988A-46B6-9F35-D8135BE80DE0,D5D36093-9656-43FE-BFCC-C1ED1873EECB,Teknik Kompilator,4.0,CSCE604228
F207CFB6-B547-4797-AECE-F419FAAA04D6,D5D36093-9656-43FE-BFCC-C1ED1873EECB,PRINSIP-PRINSIP BAHASA PEMROGRAMAN,3.0,IKI31800
EEE81FE1-3D74-4BBE-B9C5-014553B234D9,D5D36093-9656-43FE-BFCC-C1ED1873EECB,Teknik Kompilator,4.0,CSC4602257
3F554D35-507E-4A23-AA74-0BB7701E4DFC,5028F1E9-E954-4F62-9244-BAB2C3E3A475,Dasar-Dasar Arsitektur Komputer,0.0,CSI2601501
34EF4924-D9AA-427C-84DB-1FEEC5459ECC,D5D36093-9656-43FE-BFCC-C1ED1873EECB,Aljabar Linier,3.0,CSGE602012
49898557-6E06-4917-BFA9-3CAB6E7448A8,5028F1E9-E954-4F62-9244-BAB2C3E3A475,ENTERPRISE APPLICATION INTEGRATION,3.0,IKS42755
10FC0106-448E-49DE-A87B-4B6D3CA5A838,D5D36093-9656-43FE-BFCC-C1ED1873EECB,MATEMATIKA DASAR,3.0,IKI10040
A0179C8C-B7ED-4728-BA29-6646D3D335AF,D5D36093-9656-43FE-BFCC-C1ED1873EECB,SCIENTIFIC COMPUTING,4.0,IKI30640I
FB3D3C4C-C152-4549-B2FC-8053A215E47B,D5D36093-9656-43FE-BFCC-C1ED1873EECB,DATABASE 2,4.0,IKI20430I
B75688A8-4362-4008-AAE8-90AFC6C9E32E,D5D36093-9656-43FE-BFCC-C1ED1873EECB,TOPIK DALAM TEKNIK PERANGKAT LUNAK,4.0,IKI80750
18C37C0F-0783-4A86-B2E5-997C7166727D,D5D36093-9656-43FE-BFCC-C1ED1873EECB,PANCASILA,2.0,MKU00040
3519A978-23B7-4E50-BB97-A22AFAB0E22E,D5D36093-9656-43FE-BFCC-C1ED1873EECB,TK DLM KOMPUTASI ILMIAH: DIST.COMPUTING,3.0,IKI40960
B122A03F-B176-4262-B208-B2F5C4DCCE4F,5028F1E9-E954-4F62-9244-BAB2C3E3A475,Statistika Terapan,3.0,CSIM603216
0B124B1E-433A-495B-9B10-B30ECFC2D427,D5D36093-9656-43FE-BFCC-C1ED1873EECB,TK Bidang Minat Infrastruktur &amp;amp; Security,3.0,CSCE604055
891781F8-E20E-42D9-BD77-BC4EEE469C42,5028F1E9-E954-4F62-9244-BAB2C3E3A475,TUGAS AKHIR,6.0,IKI40990X
BFEB985B-0ACC-4751-859C-D5340CDC581E,D5D36093-9656-43FE-BFCC-C1ED1873EECB,ADVANCED PROGRAMMING,4.0,IKI208101
A2086303-DF5D-474D-A707-DD7C26E6E31B,D5D36093-9656-43FE-BFCC-C1ED1873EECB,SEJARAH UNI EROPA,3.0,BPS10409
A6155099-7EF5-48B7-BC77-E5B01E794BE4,D5D36093-9656-43FE-BFCC-C1ED1873EECB,MANAJEMEN TEKNOLOGI INFORMASI,3.0,IKI42400
60B94E82-A0FD-4992-AB63-FFE7837A15D9,5028F1E9-E954-4F62-9244-BAB2C3E3A475,TUGAS AKHIR PROFESI,2.0,PMP62000
513DCD88-7E4D-42C9-B0E4-FFFFA16E2364,D5D36093-9656-43FE-BFCC-C1ED1873EECB,ELECTRONIC COMMERCE,3.0,IKI42430X
DDFD1292-F736-4BEF-A12C-14D871F0DABA,5028F1E9-E954-4F62-9244-BAB2C3E3A475,PRAKTIKUM TEKNIK KOMPUTER,1.0,EES12002
6052BE01-D4C6-452B-AF59-27CF4CDEEAEE,5028F1E9-E954-4F62-9244-BAB2C3E3A475,MPK Terintegrasi B,6.0,UIGE600002
83EB7161-B573-4504-9B09-3A436FBE3BCC,D5D36093-9656-43FE-BFCC-C1ED1873EECB,MATEMATIKA DISKRET 2,3.0,IKI20101
4A076B30-5993-411D-88D9-3A4DD72BA034,D5D36093-9656-43FE-BFCC-C1ED1873EECB,Sistem Operasi,0.0,CSF2600505
7E6F41C3-6ACB-454B-9A12-3A5298959F9C,5028F1E9-E954-4F62-9244-BAB2C3E3A475,Metodologi Penelitian dan Penulisan Ilmiah,3.0,CSGE602091
C90E7561-735E-4C8E-A2AE-4C38B8DEA762,D5D36093-9656-43FE-BFCC-C1ED1873EECB,STATISTIKA,3.0,IKI20020
E6A4A02B-79F7-422B-A909-5EFA103BAFEF,D5D36093-9656-43FE-BFCC-C1ED1873EECB,Matematika Dasar 2,3.0,CSCM602115
48F43BEF-B92A-4886-A881-71F88BF177BF,D5D36093-9656-43FE-BFCC-C1ED1873EECB,Perolehan Informasi,3.0,CSCE604135
14346DC6-8605-48F3-9639-86B5E4A10901,5028F1E9-E954-4F62-9244-BAB2C3E3A475,BUSINESS INTELLIGENCE,3.0,IKS42651
D5EA2F8B-D48D-46B5-90B1-902D0C1A7588,D5D36093-9656-43FE-BFCC-C1ED1873EECB,Sistem Terdistribusi,3.0,CSCE604154
CE5FE0F5-FB0C-4D9A-A804-904534EA83AF,D5D36093-9656-43FE-BFCC-C1ED1873EECB,Grafika Komputer,3.0,CSCE604241
41882DAA-B9AD-4F84-B625-B339624B8E7B,D5D36093-9656-43FE-BFCC-C1ED1873EECB,Rancangan Sistem Digital,3.0,CSCE604253
E5B0D492-E77B-4CD9-B3ED-B33D15301213,D5D36093-9656-43FE-BFCC-C1ED1873EECB,Pengajaran Berbantuan Komputer,3.0,CSC4601853
B9395E6E-F529-425A-9AA3-BD6C1F27D2AF,5028F1E9-E954-4F62-9244-BAB2C3E3A475,ICT for Development,3.0,CSIE604279
88CA9800-D354-48FA-8191-C742B6F14FCA,D5D36093-9656-43FE-BFCC-C1ED1873EECB,Pemodelan Geometris,4.0,CSCE604143
C9235AE1-1E40-4A9F-880C-C743387816CA,D5D36093-9656-43FE-BFCC-C1ED1873EECB,ANALISIS NUMERIK,3.0,IKI20620
F7D7602C-A4E3-41C2-95E3-DAE0ADFF2B19,5028F1E9-E954-4F62-9244-BAB2C3E3A475,MANAJEMEN SUMBER DAYA MANUSIA,3.0,IKI32409
43D031F3-3E89-48F8-A5D2-ECE633B4021B,5028F1E9-E954-4F62-9244-BAB2C3E3A475,MPK AGAMA ISLAM,2.0,UUI11020
2015C4DD-4E79-4584-813D-F5B093E3CA01,D5D36093-9656-43FE-BFCC-C1ED1873EECB,Pengolahan Sinyal Dijital,0.0,CSC4601552
0FDD35E3-E618-41A0-AA37-F5B32CFF35EE,D5D36093-9656-43FE-BFCC-C1ED1873EECB,PENULISAN ILMIAH,2.0,IKO31900
7AF3A8A8-19DA-4F5B-9282-F5B6B8EFC1D9,5028F1E9-E954-4F62-9244-BAB2C3E3A475,BASIS DATA II,3.0,IKI20440
72779279-C114-47DD-AF67-F5BEC8D0E386,D5D36093-9656-43FE-BFCC-C1ED1873EECB,Manajemen Proyek TI,0.0,CSI4601259
02117A30-C29E-45F2-A512-FEEF95804C33,D5D36093-9656-43FE-BFCC-C1ED1873EECB,Komputasi Ubiquitous Net-Sentris,0.0,CSC4601557
